{
  "their ": 0.14908,
  ", whic": 0.13233,
  "illion": 0.11471,
  "nto th": 0.11343,
  "s were": 0.11313,
  "And th": 0.11183,
  "s have": 0.11171,
  "en the": 0.1112,
  "he LOR": 0.11017,
  "e LORD": 0.11017,
  "the LO": 0.10961,
  "alled ": 0.10958,
  ", such": 0.10809,
  "called": 0.10806,
  "childr": 0.10736,
  "compan": 0.1052,
  "photog": 0.10513,
  "llion ": 0.10472,
  "there ": 0.10358,
  "ne of ": 0.10229,
  "while ": 0.10209,
  "crease": 0.10152,
  "known ": 0.10086,
  "e was ": 0.10007,
  "the sa": 0.09998,
  "during": 0.09977,
  "ter th": 0.0996,
  "millio": 0.09912,
  "e shal": 0.09904,
  "the ch": 0.09869,
  "being ": 0.09851,
  "study ": 0.09762,
  "; and ": 0.09752,
  "h cent": 0.09752,
  "functi": 0.09752,
  "th cen": 0.09721,
  ". In t": 0.09698,
  "s, whi": 0.09688,
  "sed to": 0.09684,
  "In the": 0.09656,
  "fering": 0.09646,
  "fferin": 0.09637,
  "hich i": 0.09561,
  "studen": 0.09547,
  "hen th": 0.09532,
  "father": 0.09508,
  "e also": 0.09494,
  "offeri": 0.09484,
  "s of s": 0.09374,
  "e same": 0.09364,
  "he sam": 0.09359,
  "he pri": 0.09349,
  "the ne": 0.09339,
  ": and ": 0.09329,
  "sions ": 0.09318,
  "layers": 0.09298,
  "that w": 0.09293,
  "se the": 0.09277,
  ". Thes": 0.09272,
  "re is ": 0.09272,
  "nother": 0.09261,
  "s, suc": 0.09241,
  "object": 0.09241,
  "ought ": 0.09214,
  "e stud": 0.09204,
  "s well": 0.09172,
  "shalt ": 0.09145,
  "one of": 0.09123,
  "d othe": 0.09107,
  "became": 0.09085,
  "ecame ": 0.09068,
  "the en": 0.09052,
  "the pa": 0.09046,
  "as wel": 0.09029,
  "nd oth": 0.09024,
  "sually": 0.09018,
  "games ": 0.09018,
  "the su": 0.09012,
  "and ot": 0.09012,
  "d unto": 0.08996,
  "the po": 0.08984,
  "fter t": 0.08984,
  "the fa": 0.08984,
  "arious": 0.08973,
  "among ": 0.08973,
  "n thei": 0.08967,
  "tively": 0.08961,
  "the 20": 0.08961,
  "s used": 0.08961,
  "involv": 0.08944,
  "And he": 0.08944,
  "ample,": 0.08927,
  "the na": 0.0891,
  "d thei": 0.08892,
  "nown a": 0.08886,
  "d to b": 0.08886,
  ", whil": 0.08875,
  "ch is ": 0.08875,
  "s was ": 0.08869,
  "large ": 0.08863,
  "e chil": 0.08863,
  "usuall": 0.08857,
  "own as": 0.08851,
  "wn as ": 0.08851,
  "d his ": 0.08828,
  "until ": 0.08822,
  "t are ": 0.0881,
  "years ": 0.08804,
  "s like": 0.08792,
  "the ho": 0.08792,
  "ayers ": 0.08792,
  "well a": 0.08786,
  "upon t": 0.08786,
  "eased ": 0.0878,
  "s of m": 0.0878,
  "It is ": 0.08774,
  "ll as ": 0.08774,
  "pon th": 0.08768,
  "ively ": 0.08755,
  "billio": 0.08755,
  ". It i": 0.08749,
  "nd to ": 0.08749,
  "er in ": 0.08749,
  "h as t": 0.08743,
  "variou": 0.08731,
  "dered ": 0.08731,
  "stabli": 0.087,
  "ablish": 0.087,
  "en of ": 0.08682,
  "e city": 0.08675,
  "he cit": 0.08663,
  "featur": 0.08657,
  "d in 1": 0.0865,
  "he chi": 0.0865,
  "ell as": 0.08644,
  "eature": 0.08644,
  "u shal": 0.08644,
  "and fo": 0.08638,
  "g to t": 0.08625,
  "when t": 0.08612,
  "he int": 0.08612,
  "hou sh": 0.08612,
  "ained ": 0.08593,
  "chools": 0.08587,
  "due to": 0.08581,
  "ther s": 0.08568,
  "layed ": 0.08568,
  "r, the": 0.08561,
  "d as a": 0.08555,
  "lthoug": 0.08548,
  "the ci": 0.08542,
  "said, ": 0.08542,
  "is not": 0.08535,
  "f thei": 0.08522,
  "ypical": 0.08522,
  "d not ": 0.08516,
  "e othe": 0.08516,
  "anothe": 0.08509,
  "and hi": 0.08503,
  "the wa": 0.08503,
  "he lan": 0.08503,
  "breast": 0.08503,
  "e is a": 0.08489,
  "fore t": 0.08489,
  ", wher": 0.08489,
  "ich is": 0.08483,
  "in whi": 0.0847,
  "d they": 0.0847,
  "e land": 0.0845,
  "een th": 0.08443,
  "me to ": 0.08443,
  "ere th": 0.08443,
  "thou s": 0.08443,
  "ractio": 0.08436,
  "it was": 0.08429,
  "larges": 0.08409,
  "form o": 0.08402,
  "ere is": 0.08402,
  "s ofte": 0.08389,
  "ensive": 0.08389,
  "chemis": 0.08382,
  "he for": 0.08368,
  "1 And ": 0.08368,
  "d into": 0.08348,
  "es hav": 0.08341,
  "rm of ": 0.08341,
  "er, th": 0.08341,
  "typica": 0.08334,
  "nd tha": 0.08334,
  "orm of": 0.0832,
  "charac": 0.0832,
  "more t": 0.08313,
  "ween t": 0.08313,
  "as an ": 0.08306,
  "es wer": 0.08292,
  "author": 0.08292,
  "red th": 0.08285,
  "he stu": 0.08285,
  ", for ": 0.08278,
  "e more": 0.08271,
  "dren o": 0.08271,
  "and be": 0.08271,
  "the mi": 0.08256,
  "lowed ": 0.08242,
  "idered": 0.08242,
  "succes": 0.08235,
  "m, and": 0.08228,
  "l, and": 0.08228,
  "e thei": 0.0822,
  "the ri": 0.08206,
  ". In 1": 0.08206,
  "nd his": 0.08192,
  "images": 0.08192,
  "nd for": 0.08184,
  "ince t": 0.08184,
  "le the": 0.08177,
  "ded in": 0.08177,
  "making": 0.08177,
  "ns, an": 0.0817,
  ". Othe": 0.0817,
  "he bal": 0.0817,
  "he res": 0.08162,
  "led th": 0.08155,
  "nounce": 0.08155,
  "icine ": 0.08155,
  "picall": 0.0814,
  "and po": 0.08125,
  "he sha": 0.08125,
  "hich w": 0.08103,
  "id unt": 0.08103,
  ". They": 0.08095,
  "the th": 0.08088,
  "s to b": 0.08088,
  "ground": 0.08088,
  "erally": 0.0808,
  "atory ": 0.0808,
  ", when": 0.08065,
  "the ga": 0.08065,
  "lative": 0.08058,
  "ent th": 0.08058,
  "heir c": 0.08058,
  "said u": 0.08058,
  "aid un": 0.08058,
  "icant ": 0.0805,
  "nsive ": 0.0805,
  "the ta": 0.0805,
  "he fie": 0.0805,
  "3 And ": 0.08042,
  "e unto": 0.08042,
  "rease ": 0.08035,
  "that o": 0.08027,
  "and ha": 0.08027,
  "e of p": 0.08027,
  "were ": 0.13774,
  ", as ": 0.10555,
  "in 19": 0.10313,
  "s as ": 0.09967,
  "LORD ": 0.09656,
  "was a": 0.0948,
  "then ": 0.0931,
  "his s": 0.09146,
  "for e": 0.09075,
  "erate": 0.09043,
  "for s": 0.09043,
  "east ": 0.09017,
  "term ": 0.09006,
  "the v": 0.08931,
  "of ma": 0.08882,
  "l in ": 0.08782,
  "sed a": 0.0877,
  "advan": 0.08719,
  "e, wh": 0.08707,
  "highe": 0.08619,
  "quali": 0.08607,
  "ctors": 0.08601,
  "high ": 0.08577,
  "ised ": 0.08571,
  "ools ": 0.08516,
  ". As ": 0.08497,
  "ss th": 0.08454,
  ", who": 0.0839,
  "rned ": 0.08384,
  "sers ": 0.08358,
  "dies ": 0.08345,
  "he to": 0.08332,
  "me th": 0.08332,
  "users": 0.08312,
  "for m": 0.08305,
  "rred ": 0.08279,
  "ed it": 0.08272,
  "hey a": 0.08259,
  "of al": 0.08245,
  "nd sh": 0.08218,
  "sons ": 0.08218,
  "The t": 0.08177,
  "m is ": 0.08177,
  "n an ": 0.08171,
  "of me": 0.08164,
  "pplie": 0.08157,
  "at a ": 0.08157,
  "her i": 0.08143,
  "nts t": 0.08129,
  "close": 0.08122,
  "he sp": 0.08122,
  "; the": 0.08115,
  "sed f": 0.08115,
  "s whi": 0.08101,
  "They ": 0.08094,
  "he br": 0.08087,
  "s thr": 0.0808,
  "he go": 0.0808,
  "ent w": 0.08051,
  "seven": 0.08051,
  "he ar": 0.08037,
  "ested": 0.08037,
  "the O": 0.08022,
  "of Is": 0.08022,
  "ts w": 0.09693,
  "of b": 0.09582,
  ".\n\n3": 0.09578,
  "thee": 0.08909,
  "ful ": 0.08488,
  ".\n\n4": 0.08436,
  "equa": 0.08316,
  "t wh": 0.08304,
  "bega": 0.08229,
  "y, w": 0.0816,
  "d sp": 0.08068,
  "st m": 0.08055,
  "nd 1": 0.08035,
  "h wa": 0.08022
}